path,n_paragraphs,selected_paragraph,paragraph_classification,first)words,last_words
valtiopaivat-records-pdf/data/1863-1864/prot_1863-1864_adeln_IV/prot_1863-1864_adeln_IV-0001.pdf,,,,,
valtiopaivat-records-pdf/data/1863-1864/prot_1863-1864_adeln_III/prot_1863-1864_adeln_III-0654.pdf,,,,,
valtiopaivat-records-pdf/data/1863-1864/prot_1863-1864_adeln_V/prot_1863-1864_adeln_V-0321.pdf,,,,,
valtiopaivat-records-pdf/data/1863-1864/prot_1863-1864_bonde_II/prot_1863-1864_bonde_II-0939.pdf,,,,,
valtiopaivat-records-pdf/data/1863-1864/prot_1863-1864_bonde_I/prot_1863-1864_bonde_I-0155.pdf,,,,,
valtiopaivat-records-pdf/data/1863-1864/prot_1863-1864_bonde_I/prot_1863-1864_bonde_I-0304.pdf,,,,,
valtiopaivat-records-pdf/data/1863-1864/prot_1863-1864_borgare_I/prot_1863-1864_borgare_I-0156.pdf,,,,,
valtiopaivat-records-pdf/data/1863-1864/prot_1863-1864_borgare_II/prot_1863-1864_borgare_II-0497.pdf,,,,,
valtiopaivat-records-pdf/data/1863-1864/prot_1863-1864_borgare_II/prot_1863-1864_borgare_II-0242.pdf,,,,,
valtiopaivat-records-pdf/data/1863-1864/prot_1863-1864_praster_I/prot_1863-1864_praster_I-0345.pdf,,,,,
valtiopaivat-records-pdf/data/1863-1864/prot_1863-1864_praster_II/prot_1863-1864_praster_II-0033.pdf,,,,,
valtiopaivat-records-pdf/data/1863-1864/prot_1863-1864_praster_II/prot_1863-1864_praster_II-0014.pdf,,,,,
valtiopaivat-records-pdf/data/1863-1864/prot_1863-1864_prester_III/prot_1863-1864_prester_III-0704.pdf,,,,,
valtiopaivat-records-pdf/data/1863-1864/prot_1863-1864_prester_III/prot_1863-1864_prester_III-0452.pdf,,,,,
valtiopaivat-records-pdf/data/1863-1864/prot_1863-1864_prester_III/prot_1863-1864_prester_III-0621.pdf,,,,,
valtiopaivat-records-pdf/data/1863-1864/ptk_1863-1864_talonpojat_II/ptk_1863-1864_talonpojat_II-0651.pdf,,,,,
valtiopaivat-records-pdf/data/1863-1864/ptk_1863-1864_talonpojat_II/ptk_1863-1864_talonpojat_II-0739.pdf,,,,,
valtiopaivat-records-pdf/data/1863-1864/ptk_1863-1864_talonpojat_II/ptk_1863-1864_talonpojat_II-0445.pdf,,,,,
valtiopaivat-records-pdf/data/1867/prot_1867_adeln_I/prot_1867_adeln_I-0460.pdf,,,,,
valtiopaivat-records-pdf/data/1867/prot_1867_adeln_III/prot_1867_adeln_III-0354.pdf,,,,,
valtiopaivat-records-pdf/data/1867/prot_1867_adeln_I/prot_1867_adeln_I-0300.pdf,,,,,
valtiopaivat-records-pdf/data/1867/prot_1867_borgare_II/prot_1867_borgare_II-0242.pdf,,,,,
valtiopaivat-records-pdf/data/1867/prot_1867_borgare_I/prot_1867_borgare_I-0421.pdf,,,,,
valtiopaivat-records-pdf/data/1867/prot_1867_borgare_II/prot_1867_borgare_II-0346.pdf,,,,,
valtiopaivat-records-pdf/data/1867/prot_1867_praster_II/prot_1867_praster_II-0240.pdf,,,,,
valtiopaivat-records-pdf/data/1867/prot_1867_praster_II/prot_1867_praster_II-0308.pdf,,,,,
valtiopaivat-records-pdf/data/1867/prot_1867_praster_I/prot_1867_praster_I-0097.pdf,,,,,
valtiopaivat-records-pdf/data/1867/ptk_1867_talonpojat_II/ptk_1867_talonpojat_II-0259.pdf,,,,,
valtiopaivat-records-pdf/data/1867/ptk_1867_talonpojat_I/ptk_1867_talonpojat_I-0335.pdf,,,,,
valtiopaivat-records-pdf/data/1867/ptk_1867_talonpojat_I/ptk_1867_talonpojat_I-0425.pdf,,,,,
valtiopaivat-records-pdf/data/1872/prot_1872_adeln_I/prot_1872_adeln_I-0456.pdf,,,,,
valtiopaivat-records-pdf/data/1872/prot_1872_adeln_II/prot_1872_adeln_II-0232.pdf,,,,,
valtiopaivat-records-pdf/data/1872/prot_1872_adeln_II/prot_1872_adeln_II-0314.pdf,,,,,
valtiopaivat-records-pdf/data/1872/prot_1872_borgare_III/prot_1872_borgare_III-0597.pdf,,,,,
valtiopaivat-records-pdf/data/1872/prot_1872_borgare_III/prot_1872_borgare_III-0744.pdf,,,,,
valtiopaivat-records-pdf/data/1872/prot_1872_borgare_III/prot_1872_borgare_III-0761.pdf,,,,,
valtiopaivat-records-pdf/data/1872/prot_1872_praster_III/prot_1872_praster_III-0249.pdf,,,,,
valtiopaivat-records-pdf/data/1872/prot_1872_praster_II/prot_1872_praster_II-0371.pdf,,,,,
valtiopaivat-records-pdf/data/1872/prot_1872_praster_III/prot_1872_praster_III-0424.pdf,,,,,
valtiopaivat-records-pdf/data/1872/ptk_1872_talonpojat_I/ptk_1872_talonpojat_I-0164.pdf,,,,,
valtiopaivat-records-pdf/data/1872/ptk_1872_talonpojat_II/ptk_1872_talonpojat_II-0373.pdf,,,,,
valtiopaivat-records-pdf/data/1872/ptk_1872_talonpojat_II/ptk_1872_talonpojat_II-0356.pdf,,,,,
valtiopaivat-records-pdf/data/1877/prot_1877_adeln_IV/prot_1877_adeln_IV-0474.pdf,,,,,
valtiopaivat-records-pdf/data/1877/prot_1877_adeln_VI/prot_1877_adeln_VI-0385.pdf,,,,,
valtiopaivat-records-pdf/data/1877/prot_1877_adeln_II/prot_1877_adeln_II-0190.pdf,,,,,
valtiopaivat-records-pdf/data/1877-1878/prot_1877-1878_borgare_IV/prot_1877-1878_borgare_IV-0232.pdf,,,,,
valtiopaivat-records-pdf/data/1877-1878/prot_1877-1878_borgare_V/prot_1877-1878_borgare_V-0126.pdf,,,,,
valtiopaivat-records-pdf/data/1877-1878/prot_1877-1878_borgare_V/prot_1877-1878_borgare_V-0554.pdf,,,,,
valtiopaivat-records-pdf/data/1877-1878/prot_1877-1878_praster_V/prot_1877-1878_praster_V-0249.pdf,,,,,
valtiopaivat-records-pdf/data/1877-1878/prot_1877-1878_praster_II/prot_1877-1878_praster_II-0289.pdf,,,,,
valtiopaivat-records-pdf/data/1877-1878/prot_1877-1878_praster_V/prot_1877-1878_praster_V-0265.pdf,,,,,
valtiopaivat-records-pdf/data/1877-1878/ptk_1877-1878_talonpojat_III/ptk_1877-1878_talonpojat_III-0113.pdf,,,,,
valtiopaivat-records-pdf/data/1877-1878/ptk_1877-1878_talonpojat_II/ptk_1877-1878_talonpojat_II-0117.pdf,,,,,
valtiopaivat-records-pdf/data/1877-1878/ptk_1877-1878_talonpojat_I/ptk_1877-1878_talonpojat_I-0694.pdf,,,,,
valtiopaivat-records-pdf/data/1882/prot_1882_adeln_I/prot_1882_adeln_I-0411.pdf,,,,,
valtiopaivat-records-pdf/data/1882/prot_1882_adeln_III/prot_1882_adeln_III-0260.pdf,,,,,
valtiopaivat-records-pdf/data/1882/prot_1882_adeln_III/prot_1882_adeln_III-0122.pdf,,,,,
valtiopaivat-records-pdf/data/1882/prot_1882_borgare_II/prot_1882_borgare_II-0273.pdf,,,,,
valtiopaivat-records-pdf/data/1882/prot_1882_borgare_III/prot_1882_borgare_III-0386.pdf,,,,,
valtiopaivat-records-pdf/data/1882/prot_1882_borgare_III/prot_1882_borgare_III-0512.pdf,,,,,
valtiopaivat-records-pdf/data/1882/prot_1882_praster_II/prot_1882_praster_II-0541.pdf,,,,,
valtiopaivat-records-pdf/data/1882/prot_1882_praster_II/prot_1882_praster_II-0514.pdf,,,,,
valtiopaivat-records-pdf/data/1882/prot_1882_praster_III/prot_1882_praster_III-0461.pdf,,,,,
valtiopaivat-records-pdf/data/1882/ptk_1882_talonpojat_II/ptk_1882_talonpojat_II-0211.pdf,,,,,
valtiopaivat-records-pdf/data/1882/ptk_1882_talonpojat_II/ptk_1882_talonpojat_II-0572.pdf,,,,,
valtiopaivat-records-pdf/data/1882/ptk_1882_talonpojat_I/ptk_1882_talonpojat_I-0141.pdf,,,,,
valtiopaivat-records-pdf/data/1885/prot_1885_adeln_I/prot_1885_adeln_I-0404.pdf,,,,,
valtiopaivat-records-pdf/data/1885/prot_1885_adeln_III/prot_1885_adeln_III-0386.pdf,,,,,
valtiopaivat-records-pdf/data/1885/prot_1885_adeln_I/prot_1885_adeln_I-0354.pdf,,,,,
valtiopaivat-records-pdf/data/1885/prot_1885_borgare_II/prot_1885_borgare_II-0293.pdf,,,,,
valtiopaivat-records-pdf/data/1885/prot_1885_borgare_III/prot_1885_borgare_III-0472.pdf,,,,,
valtiopaivat-records-pdf/data/1885/prot_1885_borgare_II/prot_1885_borgare_II-0144.pdf,,,,,
valtiopaivat-records-pdf/data/1885/prot_1885_papisto_II/prot_1885_papisto_II-0413.pdf,,,,,
valtiopaivat-records-pdf/data/1885/prot_1885_papisto_I/prot_1885_papisto_I-0559.pdf,,,,,
valtiopaivat-records-pdf/data/1885/prot_1885_papisto_II/prot_1885_papisto_II-0604.pdf,,,,,
valtiopaivat-records-pdf/data/1885/ptk_1885_talonpojat_II/ptk_1885_talonpojat_II-0190.pdf,,,,,
valtiopaivat-records-pdf/data/1885/ptk_1885_talonpojat_II/ptk_1885_talonpojat_II-0390.pdf,,,,,
valtiopaivat-records-pdf/data/1885/ptk_1885_talonpojat_IV/ptk_1885_talonpojat_IV-0246.pdf,,,,,
valtiopaivat-records-pdf/data/1888/prot_1888_adeln_III/prot_1888_adeln_III-0021.pdf,,,,,
valtiopaivat-records-pdf/data/1888/prot_1888_adeln_I/prot_1888_adeln_I-0436.pdf,,,,,
valtiopaivat-records-pdf/data/1888/prot_1888_adeln_III/prot_1888_adeln_III-0677.pdf,,,,,
valtiopaivat-records-pdf/data/1888/prot_1888_borgare_I/prot_1888_borgare_I-0247.pdf,,,,,
valtiopaivat-records-pdf/data/1888/prot_1888_borgare_II/prot_1888_borgare_II-0430.pdf,,,,,
valtiopaivat-records-pdf/data/1888/prot_1888_borgare_II/prot_1888_borgare_II-0730.pdf,,,,,
valtiopaivat-records-pdf/data/1888/ptk_1888_papisto_II/ptk_1888_papisto_II-0204.pdf,,,,,
valtiopaivat-records-pdf/data/1888/ptk_1888_papisto_I/ptk_1888_papisto_I-0429.pdf,,,,,
valtiopaivat-records-pdf/data/1888/ptk_1888_papisto_I/ptk_1888_papisto_I-0701.pdf,,,,,
valtiopaivat-records-pdf/data/1888/ptk_1888_talonpojat_II/ptk_1888_talonpojat_II-0133.pdf,,,,,
valtiopaivat-records-pdf/data/1888/ptk_1888_talonpojat_III/ptk_1888_talonpojat_III-0086.pdf,,,,,
valtiopaivat-records-pdf/data/1888/ptk_1888_talonpojat_III/ptk_1888_talonpojat_III-0332.pdf,,,,,
valtiopaivat-records-pdf/data/1891/prot_1891_adeln_I/prot_1891_adeln_I-0216.pdf,,,,,
valtiopaivat-records-pdf/data/1891/prot_1891_adeln_I/prot_1891_adeln_I-0393.pdf,,,,,
valtiopaivat-records-pdf/data/1891/prot_1891_adeln_III/prot_1891_adeln_III-0201.pdf,,,,,
valtiopaivat-records-pdf/data/1891/prot_1891_borgare_I/prot_1891_borgare_I-0388.pdf,,,,,
valtiopaivat-records-pdf/data/1891/prot_1891_borgare_II/prot_1891_borgare_II-0324.pdf,,,,,
valtiopaivat-records-pdf/data/1891/prot_1891_borgare_II/prot_1891_borgare_II-0388.pdf,,,,,
valtiopaivat-records-pdf/data/1891/ptk_1891_papisto_I/ptk_1891_papisto_I-0622.pdf,,,,,
valtiopaivat-records-pdf/data/1891/ptk_1891_papisto_I/ptk_1891_papisto_I-0598.pdf,,,,,
valtiopaivat-records-pdf/data/1891/ptk_1891_papisto_I/ptk_1891_papisto_I-0013.pdf,,,,,
valtiopaivat-records-pdf/data/1891/ptk_1891_talonpojat_I/ptk_1891_talonpojat_I-0410.pdf,,,,,
valtiopaivat-records-pdf/data/1891/ptk_1891_talonpojat_III/ptk_1891_talonpojat_III-0056.pdf,,,,,
valtiopaivat-records-pdf/data/1891/ptk_1891_talonpojat_II/ptk_1891_talonpojat_II-0131.pdf,,,,,
valtiopaivat-records-pdf/data/1894/prot_1894_adeln_II/prot_1894_adeln_II-0437.pdf,,,,,
valtiopaivat-records-pdf/data/1894/prot_1894_adeln_II/prot_1894_adeln_II-0033.pdf,,,,,
valtiopaivat-records-pdf/data/1894/prot_1894_adeln_I/prot_1894_adeln_I-0431.pdf,,,,,
valtiopaivat-records-pdf/data/1894/prot_1894_borgare_II/prot_1894_borgare_II-0343.pdf,,,,,
valtiopaivat-records-pdf/data/1894/prot_1894_borgare_II/prot_1894_borgare_II-0724.pdf,,,,,
valtiopaivat-records-pdf/data/1894/prot_1894_borgare_II/prot_1894_borgare_II-0677.pdf,,,,,
valtiopaivat-records-pdf/data/1894/ptk_1894_papisto_I/ptk_1894_papisto_I-0268.pdf,,,,,
valtiopaivat-records-pdf/data/1894/ptk_1894_papisto_II/ptk_1894_papisto_II-0717.pdf,,,,,
valtiopaivat-records-pdf/data/1894/ptk_1894_papisto_I/ptk_1894_papisto_I-0359.pdf,,,,,
valtiopaivat-records-pdf/data/1894/ptk_1894_talonpojat_III/ptk_1894_talonpojat_III-0402.pdf,,,,,
valtiopaivat-records-pdf/data/1894/ptk_1894_talonpojat_I/ptk_1894_talonpojat_I-0400.pdf,,,,,
valtiopaivat-records-pdf/data/1894/ptk_1894_talonpojat_I/ptk_1894_talonpojat_I-0445.pdf,,,,,
valtiopaivat-records-pdf/data/1897/prot_1897_adeln_III/prot_1897_adeln_III-0070.pdf,,,,,
valtiopaivat-records-pdf/data/1897/prot_1897_adeln_III/prot_1897_adeln_III-0777.pdf,,,,,
valtiopaivat-records-pdf/data/1897/prot_1897_adeln_III/prot_1897_adeln_III-0740.pdf,,,,,
valtiopaivat-records-pdf/data/1897/prot_1897_borgare_II/prot_1897_borgare_II-0347.pdf,,,,,
valtiopaivat-records-pdf/data/1897/prot_1897_borgare_II/prot_1897_borgare_II-0927.pdf,,,,,
valtiopaivat-records-pdf/data/1897/prot_1897_borgare_II/prot_1897_borgare_II-0828.pdf,,,,,
valtiopaivat-records-pdf/data/1897/ptk_1897_papisto_III/ptk_1897_papisto_III-0396.pdf,,,,,
valtiopaivat-records-pdf/data/1897/ptk_1897_papisto_II/ptk_1897_papisto_II-0589.pdf,,,,,
valtiopaivat-records-pdf/data/1897/ptk_1897_papisto_II/ptk_1897_papisto_II-0171.pdf,,,,,
valtiopaivat-records-pdf/data/1897/ptk_1897_talonpojat_III/ptk_1897_talonpojat_III-0008.pdf,,,,,
valtiopaivat-records-pdf/data/1897/ptk_1897_talonpojat_II/ptk_1897_talonpojat_II-0232.pdf,,,,,
valtiopaivat-records-pdf/data/1897/ptk_1897_talonpojat_II/ptk_1897_talonpojat_II-0909.pdf,,,,,
valtiopaivat-records-pdf/data/1899/prot_1899_adeln_/prot_1899_adeln_-0149.pdf,,,,,
valtiopaivat-records-pdf/data/1899/prot_1899_adeln_/prot_1899_adeln_-0221.pdf,,,,,
valtiopaivat-records-pdf/data/1899/prot_1899_adeln_/prot_1899_adeln_-0102.pdf,,,,,
valtiopaivat-records-pdf/data/1899/prot_1899_borgare_/prot_1899_borgare_-0047.pdf,,,,,
valtiopaivat-records-pdf/data/1899/prot_1899_borgare_/prot_1899_borgare_-0019.pdf,,,,,
valtiopaivat-records-pdf/data/1899/prot_1899_borgare_/prot_1899_borgare_-0052.pdf,,,,,
valtiopaivat-records-pdf/data/1899/ptk_1899_papisto_/ptk_1899_papisto_-0191.pdf,,,,,
valtiopaivat-records-pdf/data/1899/ptk_1899_papisto_/ptk_1899_papisto_-0199.pdf,,,,,
valtiopaivat-records-pdf/data/1899/ptk_1899_papisto_/ptk_1899_papisto_-0042.pdf,,,,,
valtiopaivat-records-pdf/data/1899/ptk_1899_talonpojat_/ptk_1899_talonpojat_-0135.pdf,,,,,
valtiopaivat-records-pdf/data/1899/ptk_1899_talonpojat_/ptk_1899_talonpojat_-0171.pdf,,,,,
valtiopaivat-records-pdf/data/1899/ptk_1899_talonpojat_/ptk_1899_talonpojat_-0051.pdf,,,,,
valtiopaivat-records-pdf/data/1900/prot_1900_adeln_II/prot_1900_adeln_II-0251.pdf,,,,,
valtiopaivat-records-pdf/data/1900/prot_1900_adeln_lll/prot_1900_adeln_lll-0145.pdf,,,,,
valtiopaivat-records-pdf/data/1900/prot_1900_adeln_I/prot_1900_adeln_I-0311.pdf,,,,,
valtiopaivat-records-pdf/data/1900/prot_1900_borgare_I/prot_1900_borgare_I-0107.pdf,,,,,
valtiopaivat-records-pdf/data/1900/prot_1900_borgare_I/prot_1900_borgare_I-0194.pdf,,,,,
valtiopaivat-records-pdf/data/1900/prot_1900_borgare_II/prot_1900_borgare_II-0667.pdf,,,,,
valtiopaivat-records-pdf/data/1900/ptk_1900_papisto_II/ptk_1900_papisto_II-0386.pdf,,,,,
valtiopaivat-records-pdf/data/1900/ptk_1900_papisto_I/ptk_1900_papisto_I-0164.pdf,,,,,
valtiopaivat-records-pdf/data/1900/ptk_1900_papisto_I/ptk_1900_papisto_I-0357.pdf,,,,,
valtiopaivat-records-pdf/data/1900/ptk_1900_talonpojat_II/ptk_1900_talonpojat_II-0491.pdf,,,,,
valtiopaivat-records-pdf/data/1900/ptk_1900_talonpojat_II/ptk_1900_talonpojat_II-0248.pdf,,,,,
valtiopaivat-records-pdf/data/1900/ptk_1900_talonpojat_I/ptk_1900_talonpojat_I-0370.pdf,,,,,
valtiopaivat-records-pdf/data/1904-1905/prot_1904-1905_adeln_I/prot_1904-1905_adeln_I-0147.pdf,,,,,
valtiopaivat-records-pdf/data/1904-1905/prot_1904-1905_adeln_I/prot_1904-1905_adeln_I-0437.pdf,,,,,
valtiopaivat-records-pdf/data/1904-1905/prot_1904-1905_adeln_I/prot_1904-1905_adeln_I-0393.pdf,,,,,
valtiopaivat-records-pdf/data/1904-1905/prot_1904-1905_borgare_I/prot_1904-1905_borgare_I-0328.pdf,,,,,
valtiopaivat-records-pdf/data/1904-1905/prot_1904-1905_borgare_I/prot_1904-1905_borgare_I-0313.pdf,,,,,
valtiopaivat-records-pdf/data/1904-1905/prot_1904-1905_borgare_I/prot_1904-1905_borgare_I-0466.pdf,,,,,
valtiopaivat-records-pdf/data/1904-1905/ptk_1904-1905_papisto_/ptk_1904-1905_papisto_-0349.pdf,,,,,
valtiopaivat-records-pdf/data/1904-1905/ptk_1904-1905_papisto_/ptk_1904-1905_papisto_-0417.pdf,,,,,
valtiopaivat-records-pdf/data/1904-1905/ptk_1904-1905_papisto_/ptk_1904-1905_papisto_-0802.pdf,,,,,
valtiopaivat-records-pdf/data/1904-1905/ptk_1904-1905_porvaristo_II/ptk_1904-1905_porvaristo_II-0374.pdf,,,,,
valtiopaivat-records-pdf/data/1904-1905/ptk_1904-1905_porvaristo_I/ptk_1904-1905_porvaristo_I-0065.pdf,,,,,
valtiopaivat-records-pdf/data/1904-1905/ptk_1904-1905_porvaristo_II/ptk_1904-1905_porvaristo_II-0473.pdf,,,,,
valtiopaivat-records-pdf/data/1904-1905/ptk_1904-1905_talonpojat_II/ptk_1904-1905_talonpojat_II-0399.pdf,,,,,
valtiopaivat-records-pdf/data/1904-1905/ptk_1904-1905_talonpojat_II/ptk_1904-1905_talonpojat_II-0192.pdf,,,,,
valtiopaivat-records-pdf/data/1904-1905/ptk_1904-1905_talonpojat_II/ptk_1904-1905_talonpojat_II-0163.pdf,,,,,
valtiopaivat-records-pdf/data/1905-1906/prot_1905-1906_adeln_II/prot_1905-1906_adeln_II-0128.pdf,,,,,
valtiopaivat-records-pdf/data/1905-1906/prot_1905-1906_adeln_II/prot_1905-1906_adeln_II-0531.pdf,,,,,
valtiopaivat-records-pdf/data/1905-1906/prot_1905-1906_adeln_II/prot_1905-1906_adeln_II-0093.pdf,,,,,
valtiopaivat-records-pdf/data/1905-1906/prot_1905-1906_borgare_II/prot_1905-1906_borgare_II-0612.pdf,,,,,
valtiopaivat-records-pdf/data/1905-1906/prot_1905-1906_borgare_II/prot_1905-1906_borgare_II-0033.pdf,,,,,
valtiopaivat-records-pdf/data/1905-1906/prot_1905-1906_borgare_I/prot_1905-1906_borgare_I-0018.pdf,,,,,
valtiopaivat-records-pdf/data/1905-1906/ptk_1905-1906_papisto_II/ptk_1905-1906_papisto_II-0158.pdf,,,,,
valtiopaivat-records-pdf/data/1905-1906/prot_1905-1906_papisto_I/prot_1905-1906_papisto_I-0552.pdf,,,,,
valtiopaivat-records-pdf/data/1905-1906/prot_1905-1906_papisto_I/prot_1905-1906_papisto_I-0349.pdf,,,,,
valtiopaivat-records-pdf/data/1905-1906/ptk_1905-1906_porvaristo_II/ptk_1905-1906_porvaristo_II-0585.pdf,,,,,
valtiopaivat-records-pdf/data/1905-1906/ptk_1905-1906_porvaristo_I/ptk_1905-1906_porvaristo_I-0041.pdf,,,,,
valtiopaivat-records-pdf/data/1905-1906/ptk_1905-1906_porvaristo_II/ptk_1905-1906_porvaristo_II-0197.pdf,,,,,
valtiopaivat-records-pdf/data/1905-1906/ptk_1905-1906_talonpojat_/ptk_1905-1906_talonpojat_-0722.pdf,,,,,
valtiopaivat-records-pdf/data/1905-1906/ptk_1905-1906_talonpojat_/ptk_1905-1906_talonpojat_-0027.pdf,,,,,
valtiopaivat-records-pdf/data/1905-1906/ptk_1905-1906_talonpojat_/ptk_1905-1906_talonpojat_-1373.pdf,,,,,
