path	n_cols	n_lines	sampled_line	line_text
https://swerik-project.github.io/valtiopaivat-records-pdf/1863-1864/prot_1863-1864_adeln_III-0489.pdf				
https://swerik-project.github.io/valtiopaivat-records-pdf/1863-1864/prot_1863-1864_adeln_III-0168.pdf				
https://swerik-project.github.io/valtiopaivat-records-pdf/1863-1864/prot_1863-1864_adeln_IV-0667.pdf				
https://swerik-project.github.io/valtiopaivat-records-pdf/1863-1864/prot_1863-1864_bonde_II-0619.pdf				
https://swerik-project.github.io/valtiopaivat-records-pdf/1863-1864/prot_1863-1864_bonde_I-0125.pdf				
https://swerik-project.github.io/valtiopaivat-records-pdf/1863-1864/prot_1863-1864_bonde_II-0602.pdf				
https://swerik-project.github.io/valtiopaivat-records-pdf/1863-1864/prot_1863-1864_borgare_II-0376.pdf				
https://swerik-project.github.io/valtiopaivat-records-pdf/1863-1864/prot_1863-1864_borgare_III-0365.pdf				
https://swerik-project.github.io/valtiopaivat-records-pdf/1863-1864/prot_1863-1864_borgare_II-0013.pdf				
https://swerik-project.github.io/valtiopaivat-records-pdf/1863-1864/prot_1863-1864_praster_II-0037.pdf				
https://swerik-project.github.io/valtiopaivat-records-pdf/1863-1864/prot_1863-1864_praster_I-0559.pdf				
https://swerik-project.github.io/valtiopaivat-records-pdf/1863-1864/prot_1863-1864_praster_II-0457.pdf				
https://swerik-project.github.io/valtiopaivat-records-pdf/1863-1864/prot_1863-1864_prester_III-0378.pdf				
https://swerik-project.github.io/valtiopaivat-records-pdf/1863-1864/prot_1863-1864_prester_III-0068.pdf				
https://swerik-project.github.io/valtiopaivat-records-pdf/1863-1864/prot_1863-1864_prester_III-0359.pdf				
https://swerik-project.github.io/valtiopaivat-records-pdf/1863-1864/ptk_1863-1864_talonpojat_II-0443.pdf				
https://swerik-project.github.io/valtiopaivat-records-pdf/1863-1864/ptk_1863-1864_talonpojat_II-0409.pdf				
https://swerik-project.github.io/valtiopaivat-records-pdf/1863-1864/ptk_1863-1864_talonpojat_II-0590.pdf				
https://swerik-project.github.io/valtiopaivat-records-pdf/1867/prot_1867_adeln_II-0170.pdf				
https://swerik-project.github.io/valtiopaivat-records-pdf/1867/prot_1867_adeln_III-0235.pdf				
https://swerik-project.github.io/valtiopaivat-records-pdf/1867/prot_1867_adeln_III-0279.pdf				
https://swerik-project.github.io/valtiopaivat-records-pdf/1867/prot_1867_borgare_I-0161.pdf				
https://swerik-project.github.io/valtiopaivat-records-pdf/1867/prot_1867_borgare_I-0083.pdf				
https://swerik-project.github.io/valtiopaivat-records-pdf/1867/prot_1867_borgare_II-0023.pdf				
https://swerik-project.github.io/valtiopaivat-records-pdf/1867/prot_1867_praster_II-0224.pdf				
https://swerik-project.github.io/valtiopaivat-records-pdf/1867/prot_1867_praster_III-0078.pdf				
https://swerik-project.github.io/valtiopaivat-records-pdf/1867/prot_1867_praster_I-0097.pdf				
https://swerik-project.github.io/valtiopaivat-records-pdf/1867/ptk_1867_talonpojat_I-0102.pdf				
https://swerik-project.github.io/valtiopaivat-records-pdf/1867/ptk_1867_talonpojat_I-0317.pdf				
https://swerik-project.github.io/valtiopaivat-records-pdf/1867/ptk_1867_talonpojat_II-0249.pdf				
https://swerik-project.github.io/valtiopaivat-records-pdf/1872/prot_1872_adeln_III-0454.pdf				
https://swerik-project.github.io/valtiopaivat-records-pdf/1872/prot_1872_adeln_III-0377.pdf				
https://swerik-project.github.io/valtiopaivat-records-pdf/1872/prot_1872_adeln_II-0294.pdf				
https://swerik-project.github.io/valtiopaivat-records-pdf/1872/prot_1872_borgare_III-0417.pdf				
https://swerik-project.github.io/valtiopaivat-records-pdf/1872/prot_1872_borgare_I-0552.pdf				
https://swerik-project.github.io/valtiopaivat-records-pdf/1872/prot_1872_borgare_II-0145.pdf				
https://swerik-project.github.io/valtiopaivat-records-pdf/1872/prot_1872_praster_II-0235.pdf				
https://swerik-project.github.io/valtiopaivat-records-pdf/1872/prot_1872_praster_III-0459.pdf				
https://swerik-project.github.io/valtiopaivat-records-pdf/1872/prot_1872_praster_III-0121.pdf				
https://swerik-project.github.io/valtiopaivat-records-pdf/1872/ptk_1872_talonpojat_I-0425.pdf				
https://swerik-project.github.io/valtiopaivat-records-pdf/1872/ptk_1872_talonpojat_II-0384.pdf				
https://swerik-project.github.io/valtiopaivat-records-pdf/1872/ptk_1872_talonpojat_II-0355.pdf				
https://swerik-project.github.io/valtiopaivat-records-pdf/1877/prot_1877_adeln_II-0051.pdf				
https://swerik-project.github.io/valtiopaivat-records-pdf/1877/prot_1877_adeln_I-0410.pdf				
https://swerik-project.github.io/valtiopaivat-records-pdf/1877/prot_1877_adeln_I-0227.pdf				
https://swerik-project.github.io/valtiopaivat-records-pdf/1877-1878/prot_1877-1878_borgare_III-0169.pdf				
https://swerik-project.github.io/valtiopaivat-records-pdf/1877-1878/prot_1877-1878_borgare_III-0105.pdf				
https://swerik-project.github.io/valtiopaivat-records-pdf/1877-1878/prot_1877-1878_borgare_I-0328.pdf				
https://swerik-project.github.io/valtiopaivat-records-pdf/1877-1878/prot_1877-1878_praster_III-0274.pdf				
https://swerik-project.github.io/valtiopaivat-records-pdf/1877-1878/prot_1877-1878_praster_II-0338.pdf				
https://swerik-project.github.io/valtiopaivat-records-pdf/1877-1878/prot_1877-1878_praster_V-0493.pdf				
https://swerik-project.github.io/valtiopaivat-records-pdf/1877-1878/ptk_1877-1878_talonpojat_II-0442.pdf				
https://swerik-project.github.io/valtiopaivat-records-pdf/1877-1878/ptk_1877-1878_talonpojat_I-0405.pdf				
https://swerik-project.github.io/valtiopaivat-records-pdf/1877-1878/ptk_1877-1878_talonpojat_I-0798.pdf				
https://swerik-project.github.io/valtiopaivat-records-pdf/1882/prot_1882_adeln_III-0367.pdf				
https://swerik-project.github.io/valtiopaivat-records-pdf/1882/prot_1882_adeln_II-0074.pdf				
https://swerik-project.github.io/valtiopaivat-records-pdf/1882/prot_1882_adeln_III-0419.pdf				
https://swerik-project.github.io/valtiopaivat-records-pdf/1882/prot_1882_borgare_III-0010.pdf				
https://swerik-project.github.io/valtiopaivat-records-pdf/1882/prot_1882_borgare_I-0202.pdf				
https://swerik-project.github.io/valtiopaivat-records-pdf/1882/prot_1882_borgare_I-0012.pdf				
https://swerik-project.github.io/valtiopaivat-records-pdf/1882/prot_1882_praster_III-0010.pdf				
https://swerik-project.github.io/valtiopaivat-records-pdf/1882/prot_1882_praster_I-0202.pdf				
https://swerik-project.github.io/valtiopaivat-records-pdf/1882/prot_1882_praster_I-0012.pdf				
https://swerik-project.github.io/valtiopaivat-records-pdf/1882/ptk_1882_talonpojat_II-0075.pdf				
https://swerik-project.github.io/valtiopaivat-records-pdf/1882/ptk_1882_talonpojat_I-0125.pdf				
https://swerik-project.github.io/valtiopaivat-records-pdf/1882/ptk_1882_talonpojat_II-0663.pdf				
https://swerik-project.github.io/valtiopaivat-records-pdf/1885/prot_1885_adeln_II-0278.pdf				
https://swerik-project.github.io/valtiopaivat-records-pdf/1885/prot_1885_adeln_II-0072.pdf				
https://swerik-project.github.io/valtiopaivat-records-pdf/1885/prot_1885_adeln_III-0301.pdf				
https://swerik-project.github.io/valtiopaivat-records-pdf/1885/prot_1885_borgare_I-0068.pdf				
https://swerik-project.github.io/valtiopaivat-records-pdf/1885/prot_1885_borgare_I-0302.pdf				
https://swerik-project.github.io/valtiopaivat-records-pdf/1885/prot_1885_borgare_III-0294.pdf				
https://swerik-project.github.io/valtiopaivat-records-pdf/1885/prot_1885_papisto_I-0579.pdf				
https://swerik-project.github.io/valtiopaivat-records-pdf/1885/prot_1885_papisto_II-0127.pdf				
https://swerik-project.github.io/valtiopaivat-records-pdf/1885/prot_1885_papisto_II-0626.pdf				
https://swerik-project.github.io/valtiopaivat-records-pdf/1885/ptk_1885_talonpojat_I-0229.pdf				
https://swerik-project.github.io/valtiopaivat-records-pdf/1885/ptk_1885_talonpojat_III-0055.pdf				
https://swerik-project.github.io/valtiopaivat-records-pdf/1885/ptk_1885_talonpojat_IV-0319.pdf				
https://swerik-project.github.io/valtiopaivat-records-pdf/1888/prot_1888_adeln_III-0097.pdf				
https://swerik-project.github.io/valtiopaivat-records-pdf/1888/prot_1888_adeln_III-0413.pdf				
https://swerik-project.github.io/valtiopaivat-records-pdf/1888/prot_1888_adeln_II-0120.pdf				
https://swerik-project.github.io/valtiopaivat-records-pdf/1888/prot_1888_borgare_I-0503.pdf				
https://swerik-project.github.io/valtiopaivat-records-pdf/1888/prot_1888_borgare_I-0298.pdf				
https://swerik-project.github.io/valtiopaivat-records-pdf/1888/prot_1888_borgare_I-0101.pdf				
https://swerik-project.github.io/valtiopaivat-records-pdf/1888/ptk_1888_papisto_II-0680.pdf				
https://swerik-project.github.io/valtiopaivat-records-pdf/1888/ptk_1888_papisto_I-0519.pdf				
https://swerik-project.github.io/valtiopaivat-records-pdf/1888/ptk_1888_papisto_I-0658.pdf				
https://swerik-project.github.io/valtiopaivat-records-pdf/1888/ptk_1888_talonpojat_II-0481.pdf				
https://swerik-project.github.io/valtiopaivat-records-pdf/1888/ptk_1888_talonpojat_III-0286.pdf				
https://swerik-project.github.io/valtiopaivat-records-pdf/1888/ptk_1888_talonpojat_III-0680.pdf				
https://swerik-project.github.io/valtiopaivat-records-pdf/1891/prot_1891_adeln_II-0432.pdf				
https://swerik-project.github.io/valtiopaivat-records-pdf/1891/prot_1891_adeln_I-0401.pdf				
https://swerik-project.github.io/valtiopaivat-records-pdf/1891/prot_1891_adeln_II-0097.pdf				
https://swerik-project.github.io/valtiopaivat-records-pdf/1891/prot_1891_borgare_I-0428.pdf				
https://swerik-project.github.io/valtiopaivat-records-pdf/1891/prot_1891_borgare_I-0479.pdf				
https://swerik-project.github.io/valtiopaivat-records-pdf/1891/prot_1891_borgare_II-0427.pdf				
https://swerik-project.github.io/valtiopaivat-records-pdf/1891/ptk_1891_papisto_I-0372.pdf				
https://swerik-project.github.io/valtiopaivat-records-pdf/1891/ptk_1891_papisto_II-0595.pdf				
https://swerik-project.github.io/valtiopaivat-records-pdf/1891/ptk_1891_papisto_I-0264.pdf				
https://swerik-project.github.io/valtiopaivat-records-pdf/1891/ptk_1891_talonpojat_I-0091.pdf				
https://swerik-project.github.io/valtiopaivat-records-pdf/1891/ptk_1891_talonpojat_II-0107.pdf				
https://swerik-project.github.io/valtiopaivat-records-pdf/1891/ptk_1891_talonpojat_III-0528.pdf				
https://swerik-project.github.io/valtiopaivat-records-pdf/1894/prot_1894_adeln_I-0237.pdf				
https://swerik-project.github.io/valtiopaivat-records-pdf/1894/prot_1894_adeln_I-0052.pdf				
https://swerik-project.github.io/valtiopaivat-records-pdf/1894/prot_1894_adeln_III-0344.pdf				
https://swerik-project.github.io/valtiopaivat-records-pdf/1894/prot_1894_borgare_II-0003.pdf				
https://swerik-project.github.io/valtiopaivat-records-pdf/1894/prot_1894_borgare_I-0308.pdf				
https://swerik-project.github.io/valtiopaivat-records-pdf/1894/prot_1894_borgare_II-0262.pdf				
https://swerik-project.github.io/valtiopaivat-records-pdf/1894/ptk_1894_papisto_II-0132.pdf				
https://swerik-project.github.io/valtiopaivat-records-pdf/1894/ptk_1894_papisto_II-0633.pdf				
https://swerik-project.github.io/valtiopaivat-records-pdf/1894/ptk_1894_papisto_I-0395.pdf				
https://swerik-project.github.io/valtiopaivat-records-pdf/1894/ptk_1894_talonpojat_II-0344.pdf				
https://swerik-project.github.io/valtiopaivat-records-pdf/1894/ptk_1894_talonpojat_I-0424.pdf				
https://swerik-project.github.io/valtiopaivat-records-pdf/1894/ptk_1894_talonpojat_I-0301.pdf				
https://swerik-project.github.io/valtiopaivat-records-pdf/1897/prot_1897_adeln_III-0292.pdf				
https://swerik-project.github.io/valtiopaivat-records-pdf/1897/prot_1897_adeln_I-0202.pdf				
https://swerik-project.github.io/valtiopaivat-records-pdf/1897/prot_1897_adeln_I-0012.pdf				
https://swerik-project.github.io/valtiopaivat-records-pdf/1897/prot_1897_borgare_I-0129.pdf				
https://swerik-project.github.io/valtiopaivat-records-pdf/1897/prot_1897_borgare_II-0354.pdf				
https://swerik-project.github.io/valtiopaivat-records-pdf/1897/prot_1897_borgare_II-0204.pdf				
https://swerik-project.github.io/valtiopaivat-records-pdf/1897/ptk_1897_papisto_III-0710.pdf				
https://swerik-project.github.io/valtiopaivat-records-pdf/1897/ptk_1897_papisto_I-0595.pdf				
https://swerik-project.github.io/valtiopaivat-records-pdf/1897/ptk_1897_papisto_I-0749.pdf				
https://swerik-project.github.io/valtiopaivat-records-pdf/1897/ptk_1897_talonpojat_II-0252.pdf				
https://swerik-project.github.io/valtiopaivat-records-pdf/1897/ptk_1897_talonpojat_I-0283.pdf				
https://swerik-project.github.io/valtiopaivat-records-pdf/1897/ptk_1897_talonpojat_II-1159.pdf				
https://swerik-project.github.io/valtiopaivat-records-pdf/1899/prot_1899_adeln_-0228.pdf				
https://swerik-project.github.io/valtiopaivat-handlingar-pdf/1899/bil_1899_adeln_-0087.pdf				
https://swerik-project.github.io/valtiopaivat-handlingar-pdf/1899/bil_1899_adeln_-0247.pdf				
https://swerik-project.github.io/valtiopaivat-records-pdf/1899/prot_1899_borgare_-0083.pdf				
https://swerik-project.github.io/valtiopaivat-records-pdf/1899/prot_1899_borgare_-0033.pdf				
https://swerik-project.github.io/valtiopaivat-records-pdf/1899/prot_1899_borgare_-0086.pdf				
https://swerik-project.github.io/valtiopaivat-records-pdf/1899/ptk_1899_papisto_-0171.pdf				
https://swerik-project.github.io/valtiopaivat-records-pdf/1899/ptk_1899_papisto_-0100.pdf				
https://swerik-project.github.io/valtiopaivat-records-pdf/1899/ptk_1899_papisto_-0058.pdf				
https://swerik-project.github.io/valtiopaivat-records-pdf/1899/ptk_1899_talonpojat_-0022.pdf				
https://swerik-project.github.io/valtiopaivat-records-pdf/1899/ptk_1899_talonpojat_-0107.pdf				
https://swerik-project.github.io/valtiopaivat-records-pdf/1899/ptk_1899_talonpojat_-0152.pdf				
https://swerik-project.github.io/valtiopaivat-records-pdf/1900/prot_1900_adeln_lll-0156.pdf				
https://swerik-project.github.io/valtiopaivat-records-pdf/1900/prot_1900_adeln_II-0242.pdf				
https://swerik-project.github.io/valtiopaivat-records-pdf/1900/prot_1900_adeln_I-0188.pdf				
https://swerik-project.github.io/valtiopaivat-records-pdf/1900/prot_1900_borgare_I-0014.pdf				
https://swerik-project.github.io/valtiopaivat-records-pdf/1900/prot_1900_borgare_II-0269.pdf				
https://swerik-project.github.io/valtiopaivat-records-pdf/1900/prot_1900_borgare_II-0602.pdf				
https://swerik-project.github.io/valtiopaivat-records-pdf/1900/ptk_1900_papisto_II-0431.pdf				
https://swerik-project.github.io/valtiopaivat-records-pdf/1900/ptk_1900_papisto_II-0281.pdf				
https://swerik-project.github.io/valtiopaivat-records-pdf/1900/ptk_1900_papisto_I-0420.pdf				
https://swerik-project.github.io/valtiopaivat-records-pdf/1900/ptk_1900_talonpojat_I-0237.pdf				
https://swerik-project.github.io/valtiopaivat-records-pdf/1900/ptk_1900_talonpojat_I-0052.pdf				
https://swerik-project.github.io/valtiopaivat-records-pdf/1900/ptk_1900_talonpojat_III-0201.pdf				
https://swerik-project.github.io/valtiopaivat-records-pdf/1904-1905/prot_1904-1905_adeln_II-0104.pdf				
https://swerik-project.github.io/valtiopaivat-records-pdf/1904-1905/prot_1904-1905_adeln_I-0161.pdf				
https://swerik-project.github.io/valtiopaivat-records-pdf/1904-1905/prot_1904-1905_adeln_I-0066.pdf				
https://swerik-project.github.io/valtiopaivat-records-pdf/1904-1905/prot_1904-1905_borgare_II-0576.pdf				
https://swerik-project.github.io/valtiopaivat-records-pdf/1904-1905/prot_1904-1905_borgare_I-0078.pdf				
https://swerik-project.github.io/valtiopaivat-records-pdf/1904-1905/prot_1904-1905_borgare_II-0025.pdf				
https://swerik-project.github.io/valtiopaivat-records-pdf/1904-1905/ptk_1904-1905_papisto_-0011.pdf				
https://swerik-project.github.io/valtiopaivat-records-pdf/1904-1905/ptk_1904-1905_papisto_-0424.pdf				
https://swerik-project.github.io/valtiopaivat-records-pdf/1904-1905/ptk_1904-1905_papisto_-0367.pdf				
https://swerik-project.github.io/valtiopaivat-records-pdf/1904-1905/ptk_1904-1905_porvaristo_II-0008.pdf				
https://swerik-project.github.io/valtiopaivat-records-pdf/1904-1905/ptk_1904-1905_porvaristo_I-0045.pdf				
https://swerik-project.github.io/valtiopaivat-records-pdf/1904-1905/ptk_1904-1905_porvaristo_II-0548.pdf				
https://swerik-project.github.io/valtiopaivat-records-pdf/1904-1905/ptk_1904-1905_talonpojat_I-0527.pdf				
https://swerik-project.github.io/valtiopaivat-records-pdf/1904-1905/ptk_1904-1905_talonpojat_I-0012.pdf				
https://swerik-project.github.io/valtiopaivat-records-pdf/1904-1905/ptk_1904-1905_talonpojat_II-0676.pdf				
https://swerik-project.github.io/valtiopaivat-records-pdf/1905-1906/prot_1905-1906_adeln_II-0337.pdf				
https://swerik-project.github.io/valtiopaivat-records-pdf/1905-1906/prot_1905-1906_adeln_II-0431.pdf				
https://swerik-project.github.io/valtiopaivat-records-pdf/1905-1906/prot_1905-1906_adeln_II-0143.pdf				
https://swerik-project.github.io/valtiopaivat-records-pdf/1905-1906/prot_1905-1906_borgare_II-0608.pdf				
https://swerik-project.github.io/valtiopaivat-records-pdf/1905-1906/prot_1905-1906_borgare_II-0116.pdf				
https://swerik-project.github.io/valtiopaivat-records-pdf/1905-1906/prot_1905-1906_borgare_II-0425.pdf				
https://swerik-project.github.io/valtiopaivat-records-pdf/1905-1906/prot_1905-1906_papisto_I-0014.pdf				
https://swerik-project.github.io/valtiopaivat-records-pdf/1905-1906/prot_1905-1906_papisto_I-0168.pdf				
https://swerik-project.github.io/valtiopaivat-records-pdf/1905-1906/ptk_1905-1906_papisto_II-0196.pdf				
https://swerik-project.github.io/valtiopaivat-records-pdf/1905-1906/ptk_1905-1906_porvaristo_I-0424.pdf				
https://swerik-project.github.io/valtiopaivat-records-pdf/1905-1906/ptk_1905-1906_porvaristo_I-0350.pdf				
https://swerik-project.github.io/valtiopaivat-records-pdf/1905-1906/ptk_1905-1906_porvaristo_I-0125.pdf				
https://swerik-project.github.io/valtiopaivat-records-pdf/1905-1906/ptk_1905-1906_talonpojat_-0247.pdf				
https://swerik-project.github.io/valtiopaivat-records-pdf/1905-1906/ptk_1905-1906_talonpojat_-1385.pdf				
https://swerik-project.github.io/valtiopaivat-records-pdf/1905-1906/ptk_1905-1906_talonpojat_-0068.pdf				
